name,total_time,samples_processed,samples_per_second,memory_usage_mb,peak_memory_mb
PyTorch Dataset,52.4300799369812,200,3.814604140226217,3.62109375,721.69921875
Ray Dataset,17.490373134613037,200,11.43486182145564,931.26953125,1652.96875
HuggingFace Dataset,477.9580771923065,200,0.41844674155287886,5022.62890625,6675.65234375
